gbifID	datasetKey	occurrenceID	kingdom	phylum	class	order	family	genus	species	infraspecificEpithet	taxonRank	scientificName	verbatimScientificName	verbatimScientificNameAuthorship	countryCode	locality	stateProvince	occurrenceStatus	individualCount	publishingOrgKey	decimalLatitude	decimalLongitude	coordinateUncertaintyInMeters	coordinatePrecision	elevation	elevationAccuracy	depth	depthAccuracy	eventDate	day	month	year	taxonKey	speciesKey	basisOfRecord	institutionCode	collectionCode	catalogNumber	recordNumber	identifiedBy	dateIdentified	license	rightsHolder	recordedBy	typeStatus	establishmentMeans	lastInterpreted	mediaType	issue
2609306494	50c9509d-22c7-4a22-a47d-8c48425ef4a7	https://www.inaturalist.org/observations/42831583	Animalia	Chordata	Aves	Psittaciformes	Psittacidae	Ara	Ara ambiguus		SPECIES	Ara ambiguus (Bechstein, 1811)	Ara ambiguus		CR		Limón			28eb1a3f-1c15-4a95-931a-4af90ecb574d	10.444495	-83.521359	31189.0						2017-10-31T22:21:00	31	10	2017	5959233	5959233	HUMAN_OBSERVATION	iNaturalist	Observations	42831583			2020-04-22T10:06:32	CC_BY_NC_4_0	Heiner Ziegler	Heiner Ziegler			2020-05-08T02:26:27.246Z	StillImage	COORDINATE_ROUNDED;GEODETIC_DATUM_ASSUMED_WGS84
2603467311	50c9509d-22c7-4a22-a47d-8c48425ef4a7	https://www.inaturalist.org/observations/41857393	Animalia	Chordata	Aves	Psittaciformes	Psittacidae	Ara	Ara ambiguus		SPECIES	Ara ambiguus (Bechstein, 1811)	Ara ambiguus		CR		Limón			28eb1a3f-1c15-4a95-931a-4af90ecb574d	9.750181	-82.761465	31227.0						2018-02-14T00:00:00	14	2	2018	5959233	5959233	HUMAN_OBSERVATION	iNaturalist	Observations	41857393			2020-04-10T21:39:28	CC_BY_NC_4_0	bogmyrtle	bogmyrtle			2020-05-08T02:26:24.083Z	StillImage	COORDINATE_ROUNDED;GEODETIC_DATUM_ASSUMED_WGS84
2603301112	50c9509d-22c7-4a22-a47d-8c48425ef4a7	https://www.inaturalist.org/observations/41888767	Animalia	Chordata	Aves	Psittaciformes	Psittacidae	Ara	Ara ambiguus		SPECIES	Ara ambiguus (Bechstein, 1811)	Ara ambiguus		CR		Heredia			28eb1a3f-1c15-4a95-931a-4af90ecb574d	10.483162	-84.018699	31189.0						2017-06-06T16:48:00	6	6	2017	5959233	5959233	HUMAN_OBSERVATION	iNaturalist	Observations	41888767			2020-04-11T07:25:22	CC_BY_NC_4_0	jessebugz	jessebugz			2020-05-08T02:27:50.301Z	StillImage	COORDINATE_ROUNDED;GEODETIC_DATUM_ASSUMED_WGS84
2597497924	e44ff4bb-9f72-43d6-b66d-66d00c969380	41213073	Animalia	Chordata	Aves	Psittaciformes	Psittacidae	Ara	Ara ambiguus		SPECIES	Ara ambiguus (Bechstein, 1811)	Ara ambiguus  		CR	Amérique centrale / Costa Rica		present	1	8f9a6e03-a0ee-4a60-a08f-32463f36adeb	10.259627	-84.065683											5959233	5959233	PRESERVED_SPECIMEN	Musée des Confluences	MHNL	MHNL.41014921		Bonnetain, Hubert		CC_BY_NC_4_0					2020-04-14T21:11:48.995Z		GEODETIC_DATUM_ASSUMED_WGS84
2596438854	50c9509d-22c7-4a22-a47d-8c48425ef4a7	https://www.inaturalist.org/observations/41022801	Animalia	Chordata	Aves	Psittaciformes	Psittacidae	Ara	Ara ambiguus		SPECIES	Ara ambiguus (Bechstein, 1811)	Ara ambiguus		CR		Heredia			28eb1a3f-1c15-4a95-931a-4af90ecb574d	10.482088	-84.1346	31189.0						2007-03-02T22:42:00	2	3	2007	5959233	5959233	HUMAN_OBSERVATION	iNaturalist	Observations	41022801			2020-03-30T07:34:20	CC_BY_NC_4_0	brothernorbert	brothernorbert			2020-05-08T02:27:27.119Z	StillImage	COORDINATE_ROUNDED;GEODETIC_DATUM_ASSUMED_WGS84
2596335489	50c9509d-22c7-4a22-a47d-8c48425ef4a7	https://www.inaturalist.org/observations/40889326	Animalia	Chordata	Aves	Psittaciformes	Psittacidae	Ara	Ara ambiguus		SPECIES	Ara ambiguus (Bechstein, 1811)	Ara ambiguus		CR		Alajuela			28eb1a3f-1c15-4a95-931a-4af90ecb574d	10.657481	-84.166315	31179.0						2016-02-27T16:55:00	27	2	2016	5959233	5959233	HUMAN_OBSERVATION	iNaturalist	Observations	40889326			2020-03-28T16:03:21	CC_BY_NC_4_0	Anneke Jonker	Anneke Jonker			2020-05-08T02:28:01.406Z	StillImage	COORDINATE_ROUNDED;GEODETIC_DATUM_ASSUMED_WGS84
2596330445	50c9509d-22c7-4a22-a47d-8c48425ef4a7	https://www.inaturalist.org/observations/40858773	Animalia	Chordata	Aves	Psittaciformes	Psittacidae	Ara	Ara ambiguus		SPECIES	Ara ambiguus (Bechstein, 1811)	Ara ambiguus		CR		Limón			28eb1a3f-1c15-4a95-931a-4af90ecb574d	10.32088	-83.29432	31199.0						2019-04-08T15:08:00	8	4	2019	5959233	5959233	HUMAN_OBSERVATION	iNaturalist	Observations	40858773			2020-03-28T02:24:30	CC_BY_NC_4_0	Jessica Daze	Jessica Daze			2020-05-08T02:26:19.085Z	StillImage	COORDINATE_ROUNDED;GEODETIC_DATUM_ASSUMED_WGS84
2596289852	50c9509d-22c7-4a22-a47d-8c48425ef4a7	https://www.inaturalist.org/observations/41084488	Animalia	Chordata	Aves	Psittaciformes	Psittacidae	Ara	Ara ambiguus		SPECIES	Ara ambiguus (Bechstein, 1811)	Ara ambiguus		CR		Heredia			28eb1a3f-1c15-4a95-931a-4af90ecb574d	10.405637	-83.974919	45810.0						2020-03-23T09:31:59	23	3	2020	5959233	5959233	HUMAN_OBSERVATION	iNaturalist	Observations	41084488			2020-03-31T02:29:10	CC_BY_NC_4_0	daisyma	daisyma			2020-05-08T02:28:02.280Z	StillImage	COORDINATE_ROUNDED;GEODETIC_DATUM_ASSUMED_WGS84
2596284372	50c9509d-22c7-4a22-a47d-8c48425ef4a7	https://www.inaturalist.org/observations/40865159	Animalia	Chordata	Aves	Psittaciformes	Psittacidae	Ara	Ara ambiguus		SPECIES	Ara ambiguus (Bechstein, 1811)	Ara ambiguus		CR		Limón			28eb1a3f-1c15-4a95-931a-4af90ecb574d	10.237336	-83.356314	31199.0						2019-04-14T17:04:00	14	4	2019	5959233	5959233	HUMAN_OBSERVATION	iNaturalist	Observations	40865159			2020-03-28T04:51:12	CC_BY_NC_4_0	Jessica Daze	Jessica Daze			2020-05-08T02:26:36.109Z	StillImage	COORDINATE_ROUNDED;GEODETIC_DATUM_ASSUMED_WGS84
2576380058	50c9509d-22c7-4a22-a47d-8c48425ef4a7	https://www.inaturalist.org/observations/39206018	Animalia	Chordata	Aves	Psittaciformes	Psittacidae	Ara	Ara ambiguus		SPECIES	Ara ambiguus (Bechstein, 1811)	Ara ambiguus		CR		Limón			28eb1a3f-1c15-4a95-931a-4af90ecb574d	10.47099	-83.441311	31189.0						2019-02-10T22:44:00	10	2	2019	5959233	5959233	HUMAN_OBSERVATION	iNaturalist	Observations	39206018			2020-02-25T14:32:06	CC_BY_NC_4_0	bvaleur	bvaleur			2020-05-08T02:27:02.533Z	StillImage	COORDINATE_ROUNDED;GEODETIC_DATUM_ASSUMED_WGS84
2574214263	50c9509d-22c7-4a22-a47d-8c48425ef4a7	https://www.inaturalist.org/observations/38699305	Animalia	Chordata	Aves	Psittaciformes	Psittacidae	Ara	Ara ambiguus		SPECIES	Ara ambiguus (Bechstein, 1811)	Ara ambiguus		CR		Heredia			28eb1a3f-1c15-4a95-931a-4af90ecb574d	10.488035	-84.044774	31189.0						2014-02-04T11:49:00	4	2	2014	5959233	5959233	HUMAN_OBSERVATION	iNaturalist	Observations	38699305			2020-02-16T05:22:30	CC_BY_NC_4_0	gernotkunz	gernotkunz			2020-05-08T02:27:29.864Z		COORDINATE_ROUNDED;GEODETIC_DATUM_ASSUMED_WGS84
2574159843	50c9509d-22c7-4a22-a47d-8c48425ef4a7	https://www.inaturalist.org/observations/38540255	Animalia	Chordata	Aves	Psittaciformes	Psittacidae	Ara	Ara ambiguus		SPECIES	Ara ambiguus (Bechstein, 1811)	Ara ambiguus		CR		Limón			28eb1a3f-1c15-4a95-931a-4af90ecb574d	10.583171	-83.485265	31189.0						2020-01-26T18:00:00	26	1	2020	5959233	5959233	HUMAN_OBSERVATION	iNaturalist	Observations	38540255			2020-02-12T17:12:42	CC_BY_NC_4_0	csillam	csillam			2020-05-08T02:28:12.473Z	StillImage	COORDINATE_ROUNDED;GEODETIC_DATUM_ASSUMED_WGS84
2540816102	50c9509d-22c7-4a22-a47d-8c48425ef4a7	https://www.inaturalist.org/observations/36861103	Animalia	Chordata	Aves	Psittaciformes	Psittacidae	Ara	Ara ambiguus		SPECIES	Ara ambiguus (Bechstein, 1811)	Ara ambiguus		CR		Limón			28eb1a3f-1c15-4a95-931a-4af90ecb574d	9.754636	-82.633051	31227.0						2019-12-21T17:40:00	21	12	2019	5959233	5959233	HUMAN_OBSERVATION	iNaturalist	Observations	36861103			2019-12-22T19:50:41	CC_BY_NC_4_0	Dean Thompson	Dean Thompson			2020-05-08T02:27:41.199Z	StillImage	COORDINATE_ROUNDED;GEODETIC_DATUM_ASSUMED_WGS84
2540809917	50c9509d-22c7-4a22-a47d-8c48425ef4a7	https://www.inaturalist.org/observations/36835026	Animalia	Chordata	Aves	Psittaciformes	Psittacidae	Ara	Ara ambiguus		SPECIES	Ara ambiguus (Bechstein, 1811)	Ara ambiguus		CR		Cartago			28eb1a3f-1c15-4a95-931a-4af90ecb574d	9.62105	-83.78476	212090.0						2009-01-15T00:00:00	15	1	2009	5959233	5959233	HUMAN_OBSERVATION	iNaturalist	Observations	36835026			2019-12-21T22:03:21	CC_BY_NC_4_0	subhashc	subhashc			2020-05-08T02:27:15.756Z	StillImage	COORDINATE_ROUNDED;GEODETIC_DATUM_ASSUMED_WGS84
2540780967	50c9509d-22c7-4a22-a47d-8c48425ef4a7	https://www.inaturalist.org/observations/36861104	Animalia	Chordata	Aves	Psittaciformes	Psittacidae	Ara	Ara ambiguus		SPECIES	Ara ambiguus (Bechstein, 1811)	Ara ambiguus		CR		Limón			28eb1a3f-1c15-4a95-931a-4af90ecb574d	9.767785	-82.681198	31227.0						2019-12-21T17:58:00	21	12	2019	5959233	5959233	HUMAN_OBSERVATION	iNaturalist	Observations	36861104			2019-12-22T19:50:43	CC_BY_NC_4_0	Dean Thompson	Dean Thompson			2020-05-08T02:27:00.392Z	StillImage	COORDINATE_ROUNDED;GEODETIC_DATUM_ASSUMED_WGS84
2529337158	50c9509d-22c7-4a22-a47d-8c48425ef4a7	https://www.inaturalist.org/observations/36605100	Animalia	Chordata	Aves	Psittaciformes	Psittacidae	Ara	Ara ambiguus		SPECIES	Ara ambiguus (Bechstein, 1811)	Ara ambiguus		CR		Heredia			28eb1a3f-1c15-4a95-931a-4af90ecb574d	10.465926	-84.17334	31189.0						2017-05-02T00:00:00	2	5	2017	5959233	5959233	HUMAN_OBSERVATION	iNaturalist	Observations	36605100			2019-12-13T02:07:56	CC_BY_NC_4_0	subhashc	subhashc			2020-05-08T02:27:17.975Z	StillImage	COORDINATE_ROUNDED;GEODETIC_DATUM_ASSUMED_WGS84
2465338445	50c9509d-22c7-4a22-a47d-8c48425ef4a7	https://www.inaturalist.org/observations/36287164	Animalia	Chordata	Aves	Psittaciformes	Psittacidae	Ara	Ara ambiguus		SPECIES	Ara ambiguus (Bechstein, 1811)	Ara ambiguus		CR		Limón			28eb1a3f-1c15-4a95-931a-4af90ecb574d	10.432959	-83.492961	31189.0						2017-10-22T18:52:00	22	10	2017	5959233	5959233	HUMAN_OBSERVATION	iNaturalist	Observations	36287164			2019-12-02T13:13:57	CC_BY_NC_4_0	Alex Novarro	Alex Novarro			2020-05-08T02:27:28.478Z	StillImage	COORDINATE_ROUNDED;GEODETIC_DATUM_ASSUMED_WGS84
2460078841	50c9509d-22c7-4a22-a47d-8c48425ef4a7	https://www.inaturalist.org/observations/35782182	Animalia	Chordata	Aves	Psittaciformes	Psittacidae	Ara	Ara ambiguus		SPECIES	Ara ambiguus (Bechstein, 1811)	Ara ambiguus		CR		Heredia			28eb1a3f-1c15-4a95-931a-4af90ecb574d	10.556793	-84.103106	31189.0						2019-11-11T16:04:29	11	11	2019	5959233	5959233	HUMAN_OBSERVATION	iNaturalist	Observations	35782182			2019-11-17T18:03:11	CC_BY_NC_4_0	brm85	brm85			2020-05-08T02:26:32.535Z	StillImage	COORDINATE_ROUNDED;GEODETIC_DATUM_ASSUMED_WGS84
2451749381	50c9509d-22c7-4a22-a47d-8c48425ef4a7	https://www.inaturalist.org/observations/35407738	Animalia	Chordata	Aves	Psittaciformes	Psittacidae	Ara	Ara ambiguus		SPECIES	Ara ambiguus (Bechstein, 1811)	Ara ambiguus		CR		Limón			28eb1a3f-1c15-4a95-931a-4af90ecb574d	10.506546	-83.570297	31189.0						2018-08-01T23:43:00	1	8	2018	5959233	5959233	HUMAN_OBSERVATION	iNaturalist	Observations	35407738			2019-11-07T14:12:37	CC_BY_NC_4_0	adri13114	adri13114			2020-05-08T02:26:34.777Z	StillImage	COORDINATE_ROUNDED;GEODETIC_DATUM_ASSUMED_WGS84
2447971025	50c9509d-22c7-4a22-a47d-8c48425ef4a7	https://www.inaturalist.org/observations/35009904	Animalia	Chordata	Aves	Psittaciformes	Psittacidae	Ara	Ara ambiguus		SPECIES	Ara ambiguus (Bechstein, 1811)	Ara ambiguus		CR		Limón			28eb1a3f-1c15-4a95-931a-4af90ecb574d	10.540592	-83.411188	31189.0						2019-07-28T00:34:00	28	7	2019	5959233	5959233	HUMAN_OBSERVATION	iNaturalist	Observations	35009904			2019-10-28T15:19:01	CC_BY_NC_4_0	Fernando Useros López	Fernando Useros López			2020-05-08T02:26:32.165Z	StillImage	COORDINATE_ROUNDED;GEODETIC_DATUM_ASSUMED_WGS84
2311313359	50c9509d-22c7-4a22-a47d-8c48425ef4a7	https://www.inaturalist.org/observations/29551617	Animalia	Chordata	Aves	Psittaciformes	Psittacidae	Ara	Ara ambiguus		SPECIES	Ara ambiguus (Bechstein, 1811)	Ara ambiguus		CR		Heredia			28eb1a3f-1c15-4a95-931a-4af90ecb574d	10.351455	-84.161605	31199.0						2019-05-26T10:17:00	26	5	2019	5959233	5959233	HUMAN_OBSERVATION	iNaturalist	Observations	29551617			2019-07-26T02:27:28	CC_BY_NC_4_0	jakescott	jakescott			2020-05-08T02:26:19.707Z	StillImage	COORDINATE_ROUNDED;GEODETIC_DATUM_ASSUMED_WGS84
2252064878	50c9509d-22c7-4a22-a47d-8c48425ef4a7	https://www.inaturalist.org/observations/26445996	Animalia	Chordata	Aves	Psittaciformes	Psittacidae	Ara	Ara ambiguus		SPECIES	Ara ambiguus (Bechstein, 1811)	Ara ambiguus		CR		Limón			28eb1a3f-1c15-4a95-931a-4af90ecb574d	10.46963	-83.410932	31189.0						2019-03-16T00:37:00	16	3	2019	5959233	5959233	HUMAN_OBSERVATION	iNaturalist	Observations	26445996			2019-06-05T16:31:15	CC_BY_NC_4_0	lucapassalacqua	lucapassalacqua			2020-05-08T02:27:49.410Z	StillImage	COORDINATE_ROUNDED;GEODETIC_DATUM_ASSUMED_WGS84
2252045474	50c9509d-22c7-4a22-a47d-8c48425ef4a7	https://www.inaturalist.org/observations/26369550	Animalia	Chordata	Aves	Psittaciformes	Psittacidae	Ara	Ara ambiguus		SPECIES	Ara ambiguus (Bechstein, 1811)	Ara ambiguus		CR		Limón			28eb1a3f-1c15-4a95-931a-4af90ecb574d	9.75778	-82.663378	31227.0						2019-05-13T17:10:00	13	5	2019	5959233	5959233	HUMAN_OBSERVATION	iNaturalist	Observations	26369550			2019-06-04T03:45:19	CC_BY_NC_4_0	M. Omick	M. Omick			2020-05-08T02:28:06.010Z		COORDINATE_ROUNDED;GEODETIC_DATUM_ASSUMED_WGS84
2251996114	50c9509d-22c7-4a22-a47d-8c48425ef4a7	https://www.inaturalist.org/observations/26159796	Animalia	Chordata	Aves	Psittaciformes	Psittacidae	Ara	Ara ambiguus		SPECIES	Ara ambiguus (Bechstein, 1811)	Ara ambiguus		CR		Limón			28eb1a3f-1c15-4a95-931a-4af90ecb574d	9.645114	-82.621081	31227.0						2019-05-12T17:06:00	12	5	2019	5959233	5959233	HUMAN_OBSERVATION	iNaturalist	Observations	26159796			2019-06-01T05:48:31	CC_BY_NC_4_0	M. Omick	M. Omick			2020-05-08T02:26:28.773Z		COORDINATE_ROUNDED;GEODETIC_DATUM_ASSUMED_WGS84
2251949914	50c9509d-22c7-4a22-a47d-8c48425ef4a7	https://www.inaturalist.org/observations/25982259	Animalia	Chordata	Aves	Psittaciformes	Psittacidae	Ara	Ara ambiguus		SPECIES	Ara ambiguus (Bechstein, 1811)	Ara ambiguus		CR		Limón			28eb1a3f-1c15-4a95-931a-4af90ecb574d	9.717582	-82.614401	31227.0						2019-05-11T13:36:00	11	5	2019	5959233	5959233	HUMAN_OBSERVATION	iNaturalist	Observations	25982259			2019-05-29T04:45:53	CC_BY_NC_4_0	M. Omick	M. Omick			2020-05-08T02:26:32.740Z		COORDINATE_ROUNDED;GEODETIC_DATUM_ASSUMED_WGS84
2244248981	50c9509d-22c7-4a22-a47d-8c48425ef4a7	https://www.inaturalist.org/observations/25335421	Animalia	Chordata	Aves	Psittaciformes	Psittacidae	Ara	Ara ambiguus		SPECIES	Ara ambiguus (Bechstein, 1811)	Ara ambiguus		CR		Limón			28eb1a3f-1c15-4a95-931a-4af90ecb574d	9.679481	-82.605573	31227.0						2019-05-09T16:03:00	9	5	2019	5959233	5959233	HUMAN_OBSERVATION	iNaturalist	Observations	25335421			2019-05-18T19:32:20	CC_BY_NC_4_0	M. Omick	M. Omick			2020-05-08T02:27:16.485Z		COORDINATE_ROUNDED;GEODETIC_DATUM_ASSUMED_WGS84
2244248885	50c9509d-22c7-4a22-a47d-8c48425ef4a7	https://www.inaturalist.org/observations/25335419	Animalia	Chordata	Aves	Psittaciformes	Psittacidae	Ara	Ara ambiguus		SPECIES	Ara ambiguus (Bechstein, 1811)	Ara ambiguus		CR		Limón			28eb1a3f-1c15-4a95-931a-4af90ecb574d	9.716836	-82.712904	31227.0						2019-05-09T15:38:00	9	5	2019	5959233	5959233	HUMAN_OBSERVATION	iNaturalist	Observations	25335419			2019-05-18T19:32:18	CC_BY_NC_4_0	M. Omick	M. Omick			2020-05-08T02:27:17.198Z		COORDINATE_ROUNDED;GEODETIC_DATUM_ASSUMED_WGS84
2244248602	50c9509d-22c7-4a22-a47d-8c48425ef4a7	https://www.inaturalist.org/observations/25335416	Animalia	Chordata	Aves	Psittaciformes	Psittacidae	Ara	Ara ambiguus		SPECIES	Ara ambiguus (Bechstein, 1811)	Ara ambiguus		CR		Limón			28eb1a3f-1c15-4a95-931a-4af90ecb574d	9.678187	-82.632232	31227.0						2019-05-09T15:22:00	9	5	2019	5959233	5959233	HUMAN_OBSERVATION	iNaturalist	Observations	25335416			2019-05-18T19:32:17	CC_BY_NC_4_0	M. Omick	M. Omick			2020-05-08T02:27:50.809Z		COORDINATE_ROUNDED;GEODETIC_DATUM_ASSUMED_WGS84
2244248390	50c9509d-22c7-4a22-a47d-8c48425ef4a7	https://www.inaturalist.org/observations/25335420	Animalia	Chordata	Aves	Psittaciformes	Psittacidae	Ara	Ara ambiguus		SPECIES	Ara ambiguus (Bechstein, 1811)	Ara ambiguus		CR		Limón			28eb1a3f-1c15-4a95-931a-4af90ecb574d	9.606838	-82.750292	31227.0						2019-05-09T15:30:00	9	5	2019	5959233	5959233	HUMAN_OBSERVATION	iNaturalist	Observations	25335420			2019-05-18T19:32:18	CC_BY_NC_4_0	M. Omick	M. Omick			2020-05-08T02:27:22.141Z		COORDINATE_ROUNDED;GEODETIC_DATUM_ASSUMED_WGS84
2244236485	50c9509d-22c7-4a22-a47d-8c48425ef4a7	https://www.inaturalist.org/observations/25291445	Animalia	Chordata	Aves	Psittaciformes	Psittacidae	Ara	Ara ambiguus		SPECIES	Ara ambiguus (Bechstein, 1811)	Ara ambiguus		CR		Limón			28eb1a3f-1c15-4a95-931a-4af90ecb574d	9.76907	-82.665574	31227.0						2019-05-09T07:25:00	9	5	2019	5959233	5959233	HUMAN_OBSERVATION	iNaturalist	Observations	25291445			2019-05-18T01:11:46	CC_BY_NC_4_0	M. Omick	M. Omick			2020-05-08T02:28:01.186Z		COORDINATE_ROUNDED;GEODETIC_DATUM_ASSUMED_WGS84
2244227540	50c9509d-22c7-4a22-a47d-8c48425ef4a7	https://www.inaturalist.org/observations/25251174	Animalia	Chordata	Aves	Psittaciformes	Psittacidae	Ara	Ara ambiguus		SPECIES	Ara ambiguus (Bechstein, 1811)	Ara ambiguus		CR		Limón			28eb1a3f-1c15-4a95-931a-4af90ecb574d	9.72948	-82.678283	31227.0						2019-05-08T15:54:00	8	5	2019	5959233	5959233	HUMAN_OBSERVATION	iNaturalist	Observations	25251174			2019-05-17T06:37:16	CC_BY_NC_4_0	M. Omick	M. Omick			2020-05-08T02:27:56.917Z		COORDINATE_ROUNDED;GEODETIC_DATUM_ASSUMED_WGS84
2244226518	50c9509d-22c7-4a22-a47d-8c48425ef4a7	https://www.inaturalist.org/observations/25250321	Animalia	Chordata	Aves	Psittaciformes	Psittacidae	Ara	Ara ambiguus		SPECIES	Ara ambiguus (Bechstein, 1811)	Ara ambiguus		CR		Limón			28eb1a3f-1c15-4a95-931a-4af90ecb574d	9.773851	-82.712378	31227.0						2019-05-08T13:30:00	8	5	2019	5959233	5959233	HUMAN_OBSERVATION	iNaturalist	Observations	25250321			2019-05-17T05:46:43	CC_BY_NC_4_0	M. Omick	M. Omick			2020-05-08T02:26:26.206Z		COORDINATE_ROUNDED;GEODETIC_DATUM_ASSUMED_WGS84
2242985114	50c9509d-22c7-4a22-a47d-8c48425ef4a7	https://www.inaturalist.org/observations/25103790	Animalia	Chordata	Aves	Psittaciformes	Psittacidae	Ara	Ara ambiguus		SPECIES	Ara ambiguus (Bechstein, 1811)	Ara ambiguus		CR		Limón			28eb1a3f-1c15-4a95-931a-4af90ecb574d	10.517413	-83.500744	31189.0						2019-05-13T14:52:03	13	5	2019	5959233	5959233	HUMAN_OBSERVATION	iNaturalist	Observations	25103790			2019-05-14T11:48:47	CC0_1_0	maddysk	maddysk			2020-05-08T02:27:35.239Z	StillImage	COORDINATE_ROUNDED;GEODETIC_DATUM_ASSUMED_WGS84
2238834120	50c9509d-22c7-4a22-a47d-8c48425ef4a7	https://www.inaturalist.org/observations/23289311	Animalia	Chordata	Aves	Psittaciformes	Psittacidae	Ara	Ara ambiguus		SPECIES	Ara ambiguus (Bechstein, 1811)	Ara ambiguus		CR		Limón			28eb1a3f-1c15-4a95-931a-4af90ecb574d	10.339886	-83.373529	31199.0						2019-04-08T16:08:55	8	4	2019	5959233	5959233	HUMAN_OBSERVATION	iNaturalist	Observations	23289311			2019-04-27T02:48:54	CC_BY_NC_4_0	Jessica Daze	Jessica Daze			2020-05-08T02:28:09.350Z	StillImage	COORDINATE_ROUNDED;GEODETIC_DATUM_ASSUMED_WGS84
2027504512	6ac3f774-d9fb-4796-b3e9-92bf6c81c084		Animalia	Chordata	Aves	Psittaciformes	Psittacidae	Ara	Ara ambiguus		SPECIES	Ara ambiguus (Bechstein, 1811)	Ara ambiguus		CR	Boca Tapada u. Umgebung				bb646dff-a905-4403-a49b-6d378c2cf0d9	10.700946	-84.191093	250.0						2019-02-19T00:00:00	19	2	2019	5959233	5959233	HUMAN_OBSERVATION	naturgucker	naturgucker	-575299739				CC_BY_4_0		1963945989			2020-03-01T11:56:39.727Z		COORDINATE_ROUNDED;GEODETIC_DATUM_ASSUMED_WGS84
2013723103	50c9509d-22c7-4a22-a47d-8c48425ef4a7	https://www.inaturalist.org/observations/21125362	Animalia	Chordata	Aves	Psittaciformes	Psittacidae	Ara	Ara ambiguus		SPECIES	Ara ambiguus (Bechstein, 1811)	Ara ambiguus		CR		Limón			28eb1a3f-1c15-4a95-931a-4af90ecb574d	9.752331	-82.795292	31227.0						2019-01-14T10:25:00	14	1	2019	5959233	5959233	HUMAN_OBSERVATION	iNaturalist	Observations	21125362			2019-03-10T21:37:46	CC_BY_NC_4_0	amantedarmanin	amantedarmanin			2020-05-08T02:27:29.565Z	StillImage	COORDINATE_ROUNDED;GEODETIC_DATUM_ASSUMED_WGS84
2013697033	50c9509d-22c7-4a22-a47d-8c48425ef4a7	https://www.inaturalist.org/observations/21047127	Animalia	Chordata	Aves	Psittaciformes	Psittacidae	Ara	Ara ambiguus		SPECIES	Ara ambiguus (Bechstein, 1811)	Ara ambiguus		CR		Limón			28eb1a3f-1c15-4a95-931a-4af90ecb574d	9.768468	-82.686116	31227.0						2019-01-14T07:15:00	14	1	2019	5959233	5959233	HUMAN_OBSERVATION	iNaturalist	Observations	21047127			2019-03-08T09:06:00	CC_BY_NC_4_0	amantedarmanin	amantedarmanin			2020-05-08T02:26:46.949Z	StillImage	COORDINATE_ROUNDED;GEODETIC_DATUM_ASSUMED_WGS84
1990654347	6ac3f774-d9fb-4796-b3e9-92bf6c81c084		Animalia	Chordata	Aves	Psittaciformes	Psittacidae	Ara	Ara ambiguus		SPECIES	Ara ambiguus (Bechstein, 1811)	Ara ambiguus		CR	La Tirimbina Rainforest Lodge und Umgebung				bb646dff-a905-4403-a49b-6d378c2cf0d9	10.41632	-84.125275	250.0						2019-01-24T00:00:00	24	1	2019	5959233	5959233	HUMAN_OBSERVATION	naturgucker	naturgucker	-1185729676				CC_BY_4_0		-1857906570			2020-03-01T11:56:34.340Z		COORDINATE_ROUNDED;GEODETIC_DATUM_ASSUMED_WGS84
1990654004	6ac3f774-d9fb-4796-b3e9-92bf6c81c084		Animalia	Chordata	Aves	Psittaciformes	Psittacidae	Ara	Ara ambiguus		SPECIES	Ara ambiguus (Bechstein, 1811)	Ara ambiguus		CR	Boca Tapada u. Umgebung				bb646dff-a905-4403-a49b-6d378c2cf0d9	10.700946	-84.191093	250.0						2019-01-26T00:00:00	26	1	2019	5959233	5959233	HUMAN_OBSERVATION	naturgucker	naturgucker	1767062651				CC_BY_4_0		-1857906570			2020-03-01T11:56:33.906Z		COORDINATE_ROUNDED;GEODETIC_DATUM_ASSUMED_WGS84
1990653939	6ac3f774-d9fb-4796-b3e9-92bf6c81c084		Animalia	Chordata	Aves	Psittaciformes	Psittacidae	Ara	Ara ambiguus		SPECIES	Ara ambiguus (Bechstein, 1811)	Ara ambiguus		CR	Boca Tapada u. Umgebung				bb646dff-a905-4403-a49b-6d378c2cf0d9	10.683614	-84.194611	25.0						2019-01-28T00:00:00	28	1	2019	5959233	5959233	HUMAN_OBSERVATION	naturgucker	naturgucker	-1232068457				CC_BY_4_0		-1857906570			2020-03-01T11:56:44.275Z		COORDINATE_ROUNDED;GEODETIC_DATUM_ASSUMED_WGS84
1990576409	50c9509d-22c7-4a22-a47d-8c48425ef4a7	https://www.inaturalist.org/observations/19843408	Animalia	Chordata	Aves	Psittaciformes	Psittacidae	Ara	Ara ambiguus		SPECIES	Ara ambiguus (Bechstein, 1811)	Ara ambiguus		CR		Heredia			28eb1a3f-1c15-4a95-931a-4af90ecb574d	10.555889	-84.148836	31189.0						2019-01-07T08:53:00	7	1	2019	5959233	5959233	HUMAN_OBSERVATION	iNaturalist	Observations	19843408			2019-01-24T16:52:38	CC_BY_NC_4_0	Catalina Tong	Catalina Tong			2020-05-08T02:26:20.528Z	StillImage	COORDINATE_ROUNDED;GEODETIC_DATUM_ASSUMED_WGS84
1990526106	50c9509d-22c7-4a22-a47d-8c48425ef4a7	https://www.inaturalist.org/observations/19712682	Animalia	Chordata	Aves	Psittaciformes	Psittacidae	Ara	Ara ambiguus		SPECIES	Ara ambiguus (Bechstein, 1811)	Ara ambiguus		CR		Limón			28eb1a3f-1c15-4a95-931a-4af90ecb574d	10.520224	-83.725522	31189.0						2006-01-10T08:03:00	10	1	2006	5959233	5959233	HUMAN_OBSERVATION	iNaturalist	Observations	19712682			2019-01-18T18:40:22	CC_BY_NC_4_0	guylafond	guylafond			2020-05-08T02:28:01.611Z	StillImage	COORDINATE_ROUNDED;GEODETIC_DATUM_ASSUMED_WGS84
1984206004	6ac3f774-d9fb-4796-b3e9-92bf6c81c084		Animalia	Chordata	Aves	Psittaciformes	Psittacidae	Ara	Ara ambiguus		SPECIES	Ara ambiguus (Bechstein, 1811)	Ara ambiguus		CR	La Selva Biological Station				bb646dff-a905-4403-a49b-6d378c2cf0d9	10.422398	-84.020523	250.0						2016-11-11T00:00:00	11	11	2016	5959233	5959233	HUMAN_OBSERVATION	naturgucker	naturgucker	580294879				CC_BY_4_0		-85323026			2020-03-01T11:56:38.561Z		COORDINATE_ROUNDED;GEODETIC_DATUM_ASSUMED_WGS84
1978856717	50c9509d-22c7-4a22-a47d-8c48425ef4a7	https://www.inaturalist.org/observations/19228775	Animalia	Chordata	Aves	Psittaciformes	Psittacidae	Ara	Ara ambiguus		SPECIES	Ara ambiguus (Bechstein, 1811)	Ara ambiguus		CR		Limón			28eb1a3f-1c15-4a95-931a-4af90ecb574d	10.491373	-83.546882	31189.0						2018-01-07T05:58:00	7	1	2018	5959233	5959233	HUMAN_OBSERVATION	iNaturalist	Observations	19228775			2018-12-26T14:15:30	CC_BY_NC_4_0	jurga_li	jurga_li			2020-05-08T02:28:05.782Z	StillImage	COORDINATE_ROUNDED;GEODETIC_DATUM_ASSUMED_WGS84
1901065628	50c9509d-22c7-4a22-a47d-8c48425ef4a7	https://www.inaturalist.org/observations/16187917	Animalia	Chordata	Aves	Psittaciformes	Psittacidae	Ara	Ara ambiguus		SPECIES	Ara ambiguus (Bechstein, 1811)	Ara ambiguus		CR		Limón			28eb1a3f-1c15-4a95-931a-4af90ecb574d	10.403332	-83.597633	31189.0						2018-02-21T00:00:00	21	2	2018	5959233	5959233	HUMAN_OBSERVATION	iNaturalist	Observations	16187917			2018-09-05T14:00:08	CC_BY_NC_4_0	Nido Paras	Nido Paras			2020-05-08T02:28:07.856Z	StillImage	COORDINATE_ROUNDED;GEODETIC_DATUM_ASSUMED_WGS84
1901033312	50c9509d-22c7-4a22-a47d-8c48425ef4a7	https://www.inaturalist.org/observations/15748440	Animalia	Chordata	Aves	Psittaciformes	Psittacidae	Ara	Ara ambiguus		SPECIES	Ara ambiguus (Bechstein, 1811)	Ara ambiguus		CR		Limón			28eb1a3f-1c15-4a95-931a-4af90ecb574d	10.442952	-83.479157	31189.0						2016-01-28T22:20:00	28	1	2016	5959233	5959233	HUMAN_OBSERVATION	iNaturalist	Observations	15748440			2018-08-21T07:44:37	CC_BY_NC_4_0	jcorrie	jcorrie			2020-05-08T02:27:10.263Z	StillImage	COORDINATE_ROUNDED;GEODETIC_DATUM_ASSUMED_WGS84
1890718710	50c9509d-22c7-4a22-a47d-8c48425ef4a7	https://www.inaturalist.org/observations/15243788	Animalia	Chordata	Aves	Psittaciformes	Psittacidae	Ara	Ara ambiguus		SPECIES	Ara ambiguus (Bechstein, 1811)	Ara ambiguus		CR		Heredia			28eb1a3f-1c15-4a95-931a-4af90ecb574d	10.554871	-84.054857	31189.0						2018-06-22T16:48:00	22	6	2018	5959233	5959233	HUMAN_OBSERVATION	iNaturalist	Observations	15243788			2018-08-08T22:55:00	CC_BY_NC_4_0	Rich Kostecke	Rich Kostecke			2020-05-08T02:27:14.461Z	StillImage	COORDINATE_ROUNDED;GEODETIC_DATUM_ASSUMED_WGS84
1883927725	50c9509d-22c7-4a22-a47d-8c48425ef4a7	https://www.inaturalist.org/observations/14573061	Animalia	Chordata	Aves	Psittaciformes	Psittacidae	Ara	Ara ambiguus		SPECIES	Ara ambiguus (Bechstein, 1811)	Ara ambiguus		CR		Limón			28eb1a3f-1c15-4a95-931a-4af90ecb574d	10.590269	-83.473437	31189.0						2018-06-08T13:50:00	8	6	2018	5959233	5959233	HUMAN_OBSERVATION	iNaturalist	Observations	14573061			2018-07-21T15:52:10	CC_BY_NC_4_0	jakeschneider00	jakeschneider00			2020-05-08T02:27:59.974Z	StillImage	COORDINATE_ROUNDED;GEODETIC_DATUM_ASSUMED_WGS84
1880572784	50c9509d-22c7-4a22-a47d-8c48425ef4a7	https://www.inaturalist.org/observations/13790807	Animalia	Chordata	Aves	Psittaciformes	Psittacidae	Ara	Ara ambiguus		SPECIES	Ara ambiguus (Bechstein, 1811)	Ara ambiguus		CR		Heredia			28eb1a3f-1c15-4a95-931a-4af90ecb574d	10.465887	-84.02633	31189.0						2014-03-05T08:52:26	5	3	2014	5959233	5959233	HUMAN_OBSERVATION	iNaturalist	Observations	13790807			2018-06-26T02:23:22	CC_BY_NC_4_0	guyincognito	guyincognito			2020-05-08T02:26:16.940Z		COORDINATE_ROUNDED;GEODETIC_DATUM_ASSUMED_WGS84
1851296180	6ac3f774-d9fb-4796-b3e9-92bf6c81c084		Animalia	Chordata	Aves	Psittaciformes	Psittacidae	Ara	Ara ambiguus		SPECIES	Ara ambiguus (Bechstein, 1811)	Ara ambiguus		CR	Tortuguero Nationalpark				bb646dff-a905-4403-a49b-6d378c2cf0d9	10.547559	-83.505875	250.0						2018-02-27T00:00:00	27	2	2018	5959233	5959233	HUMAN_OBSERVATION	naturgucker	naturgucker	-355953249				CC_BY_4_0		-1611384388			2020-03-01T11:56:40.458Z		COORDINATE_ROUNDED;GEODETIC_DATUM_ASSUMED_WGS84
1848589266	6ac3f774-d9fb-4796-b3e9-92bf6c81c084		Animalia	Chordata	Aves	Psittaciformes	Psittacidae	Ara	Ara ambiguus		SPECIES	Ara ambiguus (Bechstein, 1811)	Ara ambiguus		CR	Tortuguero (Siedlung)				bb646dff-a905-4403-a49b-6d378c2cf0d9	10.541399	-83.502403	250.0						2018-03-19T00:00:00	19	3	2018	5959233	5959233	HUMAN_OBSERVATION	naturgucker	naturgucker	1331486874				CC_BY_4_0		-868728425			2020-03-01T11:56:42.345Z		COORDINATE_ROUNDED;GEODETIC_DATUM_ASSUMED_WGS84
1836612224	50c9509d-22c7-4a22-a47d-8c48425ef4a7	https://www.inaturalist.org/observations/10183904	Animalia	Chordata	Aves	Psittaciformes	Psittacidae	Ara	Ara ambiguus		SPECIES	Ara ambiguus (Bechstein, 1811)	Ara ambiguus		CR		Alajuela			28eb1a3f-1c15-4a95-931a-4af90ecb574d	10.630699	-84.046957	31179.0						2018-03-03T20:56:58	3	3	2018	5959233	5959233	HUMAN_OBSERVATION	iNaturalist	Observations	10183904			2018-03-11T15:20:10	CC_BY_NC_4_0	Paul Cools	Paul Cools			2020-05-08T02:26:16.469Z	StillImage	COORDINATE_ROUNDED;GEODETIC_DATUM_ASSUMED_WGS84
1807217607	6ac3f774-d9fb-4796-b3e9-92bf6c81c084		Animalia	Chordata	Aves	Psittaciformes	Psittacidae	Ara	Ara ambiguus		SPECIES	Ara ambiguus (Bechstein, 1811)	Ara ambiguus		CR	Tortuguero (Siedlung)				bb646dff-a905-4403-a49b-6d378c2cf0d9	10.541399	-83.502403	250.0						2014-12-07T00:00:00	7	12	2014	5959233	5959233	HUMAN_OBSERVATION	naturgucker	naturgucker	1164472861				CC_BY_4_0		408793982			2020-03-01T11:56:40.871Z		COORDINATE_ROUNDED;GEODETIC_DATUM_ASSUMED_WGS84
1805420681	50c9509d-22c7-4a22-a47d-8c48425ef4a7	https://www.inaturalist.org/observations/9532696	Animalia	Chordata	Aves	Psittaciformes	Psittacidae	Ara	Ara ambiguus		SPECIES	Ara ambiguus (Bechstein, 1811)	Ara ambiguus		CR		Heredia			28eb1a3f-1c15-4a95-931a-4af90ecb574d	10.556259	-84.09118	31189.0						2018-01-19T16:39:26	19	1	2018	5959233	5959233	HUMAN_OBSERVATION	iNaturalist	Observations	9532696			2018-01-19T23:30:07	CC_BY_NC_4_0	Steven Easley	Steven Easley			2020-05-08T02:26:17.340Z	StillImage	COORDINATE_ROUNDED;GEODETIC_DATUM_ASSUMED_WGS84
1802732043	50c9509d-22c7-4a22-a47d-8c48425ef4a7	https://www.inaturalist.org/observations/9264079	Animalia	Chordata	Aves	Psittaciformes	Psittacidae	Ara	Ara ambiguus		SPECIES	Ara ambiguus (Bechstein, 1811)	Ara ambiguus		CR		Heredia			28eb1a3f-1c15-4a95-931a-4af90ecb574d	10.456161	-84.118584	31189.0						2017-12-09T18:02:00	9	12	2017	5959233	5959233	HUMAN_OBSERVATION	iNaturalist	Observations	9264079			2017-12-26T10:05:56	CC_BY_NC_4_0	Anuj Jain	Anuj Jain			2020-05-08T02:27:13.621Z	StillImage	COORDINATE_ROUNDED;GEODETIC_DATUM_ASSUMED_WGS84
1802649436	50c9509d-22c7-4a22-a47d-8c48425ef4a7	https://www.inaturalist.org/observations/9028270	Animalia	Chordata	Aves	Psittaciformes	Psittacidae	Ara	Ara ambiguus		SPECIES	Ara ambiguus (Bechstein, 1811)	Ara ambiguus		CR		Heredia			28eb1a3f-1c15-4a95-931a-4af90ecb574d	10.589471	-84.027273	31189.0						2012-04-12T07:16:00	12	4	2012	5959233	5959233	HUMAN_OBSERVATION	iNaturalist	Observations	9028270			2017-12-03T08:02:14	CC_BY_NC_4_0	Will Richardson	Will Richardson			2020-05-08T02:27:56.235Z	StillImage	COORDINATE_ROUNDED;GEODETIC_DATUM_ASSUMED_WGS84
1572331942	50c9509d-22c7-4a22-a47d-8c48425ef4a7	https://www.inaturalist.org/observations/4870114	Animalia	Chordata	Aves	Psittaciformes	Psittacidae	Ara	Ara ambiguus		SPECIES	Ara ambiguus (Bechstein, 1811)	Ara ambiguus		CR		Heredia			28eb1a3f-1c15-4a95-931a-4af90ecb574d	10.500955	-84.113505	31189.0						2016-12-10T17:47:00	10	12	2016	5959233	5959233	HUMAN_OBSERVATION	iNaturalist	Observations	4870114			2017-07-05T14:22:26	CC_BY_4_0	Vijay Barve	Vijay Barve			2020-05-08T02:27:01.313Z	StillImage	COORDINATE_ROUNDED;GEODETIC_DATUM_ASSUMED_WGS84
1571142153	50c9509d-22c7-4a22-a47d-8c48425ef4a7	https://www.inaturalist.org/observations/6675927	Animalia	Chordata	Aves	Psittaciformes	Psittacidae	Ara	Ara ambiguus		SPECIES	Ara ambiguus (Bechstein, 1811)	Ara ambiguus		CR		Limón			28eb1a3f-1c15-4a95-931a-4af90ecb574d	10.559206	-83.426153	31189.0						2017-06-12T14:54:00	12	6	2017	5959233	5959233	HUMAN_OBSERVATION	iNaturalist	Observations	6675927			2017-06-16T03:03:46	CC_BY_NC_4_0	Joel DuBois	Joel DuBois			2020-05-08T02:27:02.178Z	StillImage	COORDINATE_ROUNDED;GEODETIC_DATUM_ASSUMED_WGS84
1571142129	50c9509d-22c7-4a22-a47d-8c48425ef4a7	https://www.inaturalist.org/observations/6675928	Animalia	Chordata	Aves	Psittaciformes	Psittacidae	Ara	Ara ambiguus		SPECIES	Ara ambiguus (Bechstein, 1811)	Ara ambiguus		CR		Limón			28eb1a3f-1c15-4a95-931a-4af90ecb574d	10.535945	-83.410189	31189.0						2017-06-12T14:54:00	12	6	2017	5959233	5959233	HUMAN_OBSERVATION	iNaturalist	Observations	6675928			2017-06-16T03:03:47	CC_BY_NC_4_0	Joel DuBois	Joel DuBois			2020-05-08T02:26:10.910Z	StillImage	COORDINATE_ROUNDED;GEODETIC_DATUM_ASSUMED_WGS84
1455592513	50c9509d-22c7-4a22-a47d-8c48425ef4a7	https://www.inaturalist.org/observations/5502731	Animalia	Chordata	Aves	Psittaciformes	Psittacidae	Ara	Ara ambiguus		SPECIES	Ara ambiguus (Bechstein, 1811)	Ara ambiguus		CR		Limón			28eb1a3f-1c15-4a95-931a-4af90ecb574d	10.474074	-83.518972	31189.0						2015-10-20T05:57:00	20	10	2015	5959233	5959233	HUMAN_OBSERVATION	iNaturalist	Observations	5502731			2017-03-29T22:34:14	CC_BY_4_0	Catherine Yasuda	Catherine Yasuda			2020-05-08T02:27:29.762Z	StillImage	COORDINATE_ROUNDED;GEODETIC_DATUM_ASSUMED_WGS84
1453475711	50c9509d-22c7-4a22-a47d-8c48425ef4a7	https://www.inaturalist.org/observations/5220768	Animalia	Chordata	Aves	Psittaciformes	Psittacidae	Ara	Ara ambiguus		SPECIES	Ara ambiguus (Bechstein, 1811)	Ara ambiguus		CR		Limón			28eb1a3f-1c15-4a95-931a-4af90ecb574d	10.543103	-83.423052	31189.0						2015-10-19T04:29:00	19	10	2015	5959233	5959233	HUMAN_OBSERVATION	iNaturalist	Observations	5220768			2017-03-04T05:14:46	CC_BY_4_0	Catherine Yasuda	Catherine Yasuda			2020-05-08T02:26:11.010Z	StillImage	COORDINATE_ROUNDED;GEODETIC_DATUM_ASSUMED_WGS84
1453210379	50c9509d-22c7-4a22-a47d-8c48425ef4a7	http://www.inaturalist.org/observations/4532907	Animalia	Chordata	Aves	Psittaciformes	Psittacidae	Ara	Ara ambiguus		SPECIES	Ara ambiguus (Bechstein, 1811)	Ara ambiguus		CR		Heredia			28eb1a3f-1c15-4a95-931a-4af90ecb574d	10.523311	-84.051285	31189.0						2015-10-25T04:39:22	25	10	2015	5959233	5959233	HUMAN_OBSERVATION	iNaturalist	Observations	4532907			2016-11-11T22:09:35	CC_BY_4_0	Catherine Yasuda	Catherine Yasuda			2020-05-08T02:26:11.072Z	StillImage	COORDINATE_ROUNDED;GEODETIC_DATUM_ASSUMED_WGS84
1338128884	6ac3f774-d9fb-4796-b3e9-92bf6c81c084		Animalia	Chordata	Aves	Psittaciformes	Psittacidae	Ara	Ara ambiguus		SPECIES	Ara ambiguus (Bechstein, 1811)	Ara ambiguus		CR	Tortuguero Nationalpark				bb646dff-a905-4403-a49b-6d378c2cf0d9	10.547559	-83.505875	250.0						2014-12-30T00:00:00	30	12	2014	5959233	5959233	HUMAN_OBSERVATION	naturgucker	naturgucker	981520626				CC_BY_4_0		860034627			2020-03-01T11:56:40.132Z		COORDINATE_ROUNDED;GEODETIC_DATUM_ASSUMED_WGS84
1338039818	6ac3f774-d9fb-4796-b3e9-92bf6c81c084		Animalia	Chordata	Aves	Psittaciformes	Psittacidae	Ara	Ara ambiguus		SPECIES	Ara ambiguus (Bechstein, 1811)	Ara ambiguus		CR	Tortuguero Nationalpark				bb646dff-a905-4403-a49b-6d378c2cf0d9	10.547559	-83.505875	250.0						2015-01-27T00:00:00	27	1	2015	5959233	5959233	HUMAN_OBSERVATION	naturgucker	naturgucker	-978812071				CC_BY_4_0		340220811			2020-03-01T11:56:32.055Z		COORDINATE_ROUNDED;GEODETIC_DATUM_ASSUMED_WGS84
1338034209	6ac3f774-d9fb-4796-b3e9-92bf6c81c084		Animalia	Chordata	Aves	Psittaciformes	Psittacidae	Ara	Ara ambiguus		SPECIES	Ara ambiguus (Bechstein, 1811)	Ara ambiguus		CR	Tortuguero Nationalpark				bb646dff-a905-4403-a49b-6d378c2cf0d9	10.547559	-83.505875	250.0						2015-10-10T00:00:00	10	10	2015	5959233	5959233	HUMAN_OBSERVATION	naturgucker	naturgucker	-1592571023				CC_BY_4_0		539637721			2020-03-01T11:56:35.164Z		COORDINATE_ROUNDED;GEODETIC_DATUM_ASSUMED_WGS84
1338022383	6ac3f774-d9fb-4796-b3e9-92bf6c81c084		Animalia	Chordata	Aves	Psittaciformes	Psittacidae	Ara	Ara ambiguus		SPECIES	Ara ambiguus (Bechstein, 1811)	Ara ambiguus		CR	Tortuguero Nationalpark				bb646dff-a905-4403-a49b-6d378c2cf0d9	10.547559	-83.505875	250.0						2015-10-09T00:00:00	9	10	2015	5959233	5959233	HUMAN_OBSERVATION	naturgucker	naturgucker	-1974251541				CC_BY_4_0		539637721			2020-03-01T11:56:35.332Z		COORDINATE_ROUNDED;GEODETIC_DATUM_ASSUMED_WGS84
1337957296	6ac3f774-d9fb-4796-b3e9-92bf6c81c084		Animalia	Chordata	Aves	Psittaciformes	Psittacidae	Ara	Ara ambiguus		SPECIES	Ara ambiguus (Bechstein, 1811)	Ara ambiguus		CR	Tortuguero Nationalpark				bb646dff-a905-4403-a49b-6d378c2cf0d9	10.547559	-83.505875	250.0						2015-05-26T00:00:00	26	5	2015	5959233	5959233	HUMAN_OBSERVATION	naturgucker	naturgucker	-2036587403				CC_BY_4_0		489379410			2020-03-01T11:56:46.041Z		COORDINATE_ROUNDED;GEODETIC_DATUM_ASSUMED_WGS84
1337898806	6ac3f774-d9fb-4796-b3e9-92bf6c81c084		Animalia	Chordata	Aves	Psittaciformes	Psittacidae	Ara	Ara ambiguus		SPECIES	Ara ambiguus (Bechstein, 1811)	Ara ambiguus		CR	Tortuguero Nationalpark				bb646dff-a905-4403-a49b-6d378c2cf0d9	10.547559	-83.505875	250.0						2014-02-10T00:00:00	10	2	2014	5959233	5959233	HUMAN_OBSERVATION	naturgucker	naturgucker	-1285733862				CC_BY_4_0		2050689631			2020-03-01T11:56:34.584Z		COORDINATE_ROUNDED;GEODETIC_DATUM_ASSUMED_WGS84
1337890933	6ac3f774-d9fb-4796-b3e9-92bf6c81c084		Animalia	Chordata	Aves	Psittaciformes	Psittacidae	Ara	Ara ambiguus		SPECIES	Ara ambiguus (Bechstein, 1811)	Ara ambiguus		CR	Laguna Cano Negro				bb646dff-a905-4403-a49b-6d378c2cf0d9	10.95063	-84.752655	250.0						2014-02-16T00:00:00	16	2	2014	5959233	5959233	HUMAN_OBSERVATION	naturgucker	naturgucker	1137989958				CC_BY_4_0		2050689631			2020-03-01T11:56:32.472Z		COORDINATE_ROUNDED;GEODETIC_DATUM_ASSUMED_WGS84
1291149410	50c9509d-22c7-4a22-a47d-8c48425ef4a7	http://www.inaturalist.org/observations/3751739	Animalia	Chordata	Aves	Psittaciformes	Psittacidae	Ara	Ara ambiguus		SPECIES	Ara ambiguus (Bechstein, 1811)	Ara ambiguus		CR		Heredia			28eb1a3f-1c15-4a95-931a-4af90ecb574d	10.584323	-84.108602	31189.0						2016-07-16T00:00:00	16	7	2016	5959233	5959233	HUMAN_OBSERVATION	iNaturalist	Observations	3751739			2016-07-27T01:59:08	CC_BY_NC_4_0	Andy Bridges	Andy Bridges			2020-05-08T02:26:10.656Z	StillImage	COORDINATE_ROUNDED;GEODETIC_DATUM_ASSUMED_WGS84
1291133144	50c9509d-22c7-4a22-a47d-8c48425ef4a7	http://www.inaturalist.org/observations/3700566	Animalia	Chordata	Aves	Psittaciformes	Psittacidae	Ara	Ara ambiguus		SPECIES	Ara ambiguus (Bechstein, 1811)	Ara ambiguus		CR		Limón			28eb1a3f-1c15-4a95-931a-4af90ecb574d	10.548275	-83.58816	31189.0						2016-07-18T05:39:00	18	7	2016	5959233	5959233	HUMAN_OBSERVATION	iNaturalist	Observations	3700566			2016-07-18T20:53:53	CC_BY_NC_4_0	travelfardw	travelfardw			2020-05-08T02:27:15.706Z	StillImage	COORDINATE_ROUNDED;GEODETIC_DATUM_ASSUMED_WGS84
1291090167	50c9509d-22c7-4a22-a47d-8c48425ef4a7	http://www.inaturalist.org/observations/3529587	Animalia	Chordata	Aves	Psittaciformes	Psittacidae	Ara	Ara ambiguus		SPECIES	Ara ambiguus (Bechstein, 1811)	Ara ambiguus		CR		Heredia			28eb1a3f-1c15-4a95-931a-4af90ecb574d	10.564257	-84.056547	48016.0						2016-06-16T00:00:00	16	6	2016	5959233	5959233	HUMAN_OBSERVATION	iNaturalist	Observations	3529587			2016-06-26T23:43:28	CC_BY_4_0	Marge and Don Rearick	Marge and Don Rearick			2020-05-08T02:27:33.774Z		COORDINATE_ROUNDED;GEODETIC_DATUM_ASSUMED_WGS84
1227722938	50c9509d-22c7-4a22-a47d-8c48425ef4a7	http://www.inaturalist.org/observations/2305433	Animalia	Chordata	Aves	Psittaciformes	Psittacidae	Ara	Ara ambiguus		SPECIES	Ara ambiguus (Bechstein, 1811)	Ara ambiguus		CR		Heredia			28eb1a3f-1c15-4a95-931a-4af90ecb574d	10.579218	-84.071764	31189.0						2015-10-19T17:15:21	19	10	2015	5959233	5959233	HUMAN_OBSERVATION	iNaturalist	Observations	2305433			2015-10-24T01:04:28	CC_BY_NC_4_0	steven_bach	steven_bach			2020-05-08T02:26:11.642Z	StillImage	COORDINATE_ROUNDED;GEODETIC_DATUM_ASSUMED_WGS84
1145060644	2f54cb88-4167-499a-81fb-0a2d02465212	http://arctos.database.museum/guid/DMNS:Bird:18964?seid=453583	Animalia	Chordata	Aves	Psittaciformes	Psittacidae	Ara	Ara ambiguus		SPECIES	Ara ambigua (Bechstein, 1811)	Ara ambigua		CR	San Carlos, Villa (Ciudad) Quesada	Alajuela		1	a2ef6dd1-8886-48c9-8025-c62bac973cc7	10.323807	-84.427141	5000.0		762.0	0.0			1933-11-05T00:00:00	5	11	1933	5959234	5959233	PRESERVED_SPECIMEN	DMNS	Bird specimens	DMNS:Bird:18964		unknown		CC0_1_0		Collector(s): Austin Paul Smith			2020-03-18T17:24:44.108Z		GEODETIC_DATUM_ASSUMED_WGS84
1039576196	854cf79e-f762-11e1-a439-00145eb45e9a	urn:uuid:51eb7e08-b467-42c4-913e-549f4490a3f6	Animalia	Chordata	Aves	Psittaciformes	Psittacidae	Ara	Ara ambiguus	ambiguus	SUBSPECIES	Ara ambiguus ambiguus	Ara ambiguus ambiguus	(Bechstein, 1811)	CR		Alajuela Province		1	2e167bb0-4441-11db-9ba2-b8a03c50a862	10.2667	-84.4333							1933-09-22T00:00:00	22	9	1933	6170723	5959233	PRESERVED_SPECIMEN	YPM	VZ	YPM ORN 055920				CC0_1_0	Yale Peabody Museum of Natural History	Austin P. Smith			2020-05-09T22:48:27.450Z		GEODETIC_DATUM_ASSUMED_WGS84
1038518684	6ac3f774-d9fb-4796-b3e9-92bf6c81c084		Animalia	Chordata	Aves	Psittaciformes	Psittacidae	Ara	Ara ambiguus		SPECIES	Ara ambiguus (Bechstein, 1811)	Ara ambiguus		CR	Puerto Viejo de Sarapiqui und Umgebung				bb646dff-a905-4403-a49b-6d378c2cf0d9	10.446455	-84.004044	250.0						2001-03-21T00:00:00	21	3	2001	5959233	5959233	HUMAN_OBSERVATION	naturgucker	naturgucker	-1431349497				CC_BY_4_0		794562383			2020-03-01T11:56:34.771Z		COORDINATE_ROUNDED;GEODETIC_DATUM_ASSUMED_WGS84
1024181000	50c9509d-22c7-4a22-a47d-8c48425ef4a7	http://www.inaturalist.org/observations/659687	Animalia	Chordata	Aves	Psittaciformes	Psittacidae	Ara	Ara ambiguus		SPECIES	Ara ambiguus (Bechstein, 1811)	Ara ambiguus		CR		Limón			28eb1a3f-1c15-4a95-931a-4af90ecb574d	10.547389	-83.507312	31189.0						2014-05-04T00:00:00	4	5	2014	5959233	5959233	HUMAN_OBSERVATION	iNaturalist	Observations	659687			2014-05-05T00:54:05	CC_BY_NC_4_0	canopalma	canopalma			2020-05-08T02:27:49.077Z	StillImage	COORDINATE_ROUNDED;GEODETIC_DATUM_ASSUMED_WGS84
898060958	43f37d70-f50e-4021-95ae-5b9526df2388		Animalia	Chordata	Aves	Psittaciformes	Psittacidae	Ara	Ara ambiguus		SPECIES	Ara ambiguus (Bechstein, 1811)	Ara ambiguus		CR	Tortuga Lodge & Gardens				6ae2738e-361d-4cb1-9a57-b6a63defe060	10.571319	-83.519517							2002-12-26T00:00:00	26	12	2002	5959233	5959233	HUMAN_OBSERVATION	CRBO	CRBO	18632				CC_BY_4_0		GD			2020-02-10T12:03:04.136Z		COORDINATE_ROUNDED;GEODETIC_DATUM_ASSUMED_WGS84
898060952	43f37d70-f50e-4021-95ae-5b9526df2388		Animalia	Chordata	Aves	Psittaciformes	Psittacidae	Ara	Ara ambiguus		SPECIES	Ara ambiguus (Bechstein, 1811)	Ara ambiguus		CR	Tortuga Lodge & Gardens			2	6ae2738e-361d-4cb1-9a57-b6a63defe060	10.571319	-83.519517							2004-11-16T00:00:00	16	11	2004	5959233	5959233	HUMAN_OBSERVATION	CRBO	CRBO	26316				CC_BY_4_0		CMS			2020-02-10T12:03:04.136Z		COORDINATE_ROUNDED;GEODETIC_DATUM_ASSUMED_WGS84
898060946	43f37d70-f50e-4021-95ae-5b9526df2388		Animalia	Chordata	Aves	Psittaciformes	Psittacidae	Ara	Ara ambiguus		SPECIES	Ara ambiguus (Bechstein, 1811)	Ara ambiguus		CR	Tortuga Lodge & Gardens			3	6ae2738e-361d-4cb1-9a57-b6a63defe060	10.571319	-83.519517							2011-11-15T00:00:00	15	11	2011	5959233	5959233	HUMAN_OBSERVATION	CRBO	CRBO	50192				CC_BY_4_0		CAF			2020-02-10T12:03:04.126Z		COORDINATE_ROUNDED;GEODETIC_DATUM_ASSUMED_WGS84
898060938	43f37d70-f50e-4021-95ae-5b9526df2388		Animalia	Chordata	Aves	Psittaciformes	Psittacidae	Ara	Ara ambiguus		SPECIES	Ara ambiguus (Bechstein, 1811)	Ara ambiguus		CR	Cerro Tortuguero			7	6ae2738e-361d-4cb1-9a57-b6a63defe060	10.584467	-83.526981							2004-10-12T00:00:00	12	10	2004	5959233	5959233	HUMAN_OBSERVATION	CRBO	CRBO	27536				CC_BY_4_0		LTM			2020-02-10T12:03:04.128Z		COORDINATE_ROUNDED;GEODETIC_DATUM_ASSUMED_WGS84
898060934	43f37d70-f50e-4021-95ae-5b9526df2388		Animalia	Chordata	Aves	Psittaciformes	Psittacidae	Ara	Ara ambiguus		SPECIES	Ara ambiguus (Bechstein, 1811)	Ara ambiguus		CR	Caño Palma (Canadian Organization for Tropical Education and Rainforest Conservation)			2	6ae2738e-361d-4cb1-9a57-b6a63defe060	10.593861	-83.529325							2004-09-14T00:00:00	14	9	2004	5959233	5959233	HUMAN_OBSERVATION	CRBO	CRBO	27860				CC_BY_4_0		LTM			2020-02-10T12:03:04.127Z		COORDINATE_ROUNDED;GEODETIC_DATUM_ASSUMED_WGS84
898060927	43f37d70-f50e-4021-95ae-5b9526df2388		Animalia	Chordata	Aves	Psittaciformes	Psittacidae	Ara	Ara ambiguus		SPECIES	Ara ambiguus (Bechstein, 1811)	Ara ambiguus		CR	Tortuga Lodge & Gardens			1	6ae2738e-361d-4cb1-9a57-b6a63defe060	10.571319	-83.519517							2002-11-23T00:00:00	23	11	2002	5959233	5959233	HUMAN_OBSERVATION	CRBO	CRBO	18892				CC_BY_4_0		GD			2020-02-10T12:03:04.129Z		COORDINATE_ROUNDED;GEODETIC_DATUM_ASSUMED_WGS84
898060922	43f37d70-f50e-4021-95ae-5b9526df2388		Animalia	Chordata	Aves	Psittaciformes	Psittacidae	Ara	Ara ambiguus		SPECIES	Ara ambiguus (Bechstein, 1811)	Ara ambiguus		CR	Cerro Tortuguero			2	6ae2738e-361d-4cb1-9a57-b6a63defe060	10.584467	-83.526981							2000-11-17T00:00:00	17	11	2000	5959233	5959233	HUMAN_OBSERVATION	CRBO	CRBO	4649				CC_BY_4_0		DVB			2020-02-10T12:03:04.129Z		COORDINATE_ROUNDED;GEODETIC_DATUM_ASSUMED_WGS84
898060921	43f37d70-f50e-4021-95ae-5b9526df2388		Animalia	Chordata	Aves	Psittaciformes	Psittacidae	Ara	Ara ambiguus		SPECIES	Ara ambiguus (Bechstein, 1811)	Ara ambiguus		CR	Cerro Tortuguero			1	6ae2738e-361d-4cb1-9a57-b6a63defe060	10.584467	-83.526981							2003-01-04T00:00:00	4	1	2003	5959233	5959233	HUMAN_OBSERVATION	CRBO	CRBO	24003				CC_BY_4_0		GD			2020-02-10T12:03:04.129Z		COORDINATE_ROUNDED;GEODETIC_DATUM_ASSUMED_WGS84
898060919	43f37d70-f50e-4021-95ae-5b9526df2388		Animalia	Chordata	Aves	Psittaciformes	Psittacidae	Ara	Ara ambiguus		SPECIES	Ara ambiguus (Bechstein, 1811)	Ara ambiguus		CR	Cerro Tortuguero			4	6ae2738e-361d-4cb1-9a57-b6a63defe060	10.584467	-83.526981							2004-10-12T00:00:00	12	10	2004	5959233	5959233	HUMAN_OBSERVATION	CRBO	CRBO	27509				CC_BY_4_0		LTM			2020-02-10T12:03:04.130Z		COORDINATE_ROUNDED;GEODETIC_DATUM_ASSUMED_WGS84
898060904	43f37d70-f50e-4021-95ae-5b9526df2388		Animalia	Chordata	Aves	Psittaciformes	Psittacidae	Ara	Ara ambiguus		SPECIES	Ara ambiguus (Bechstein, 1811)	Ara ambiguus		CR	Caño Palma (Canadian Organization for Tropical Education and Rainforest Conservation)			6	6ae2738e-361d-4cb1-9a57-b6a63defe060	10.593861	-83.529325							2001-10-29T00:00:00	29	10	2001	5959233	5959233	HUMAN_OBSERVATION	CRBO	CRBO	7061				CC_BY_4_0		DVB			2020-02-10T12:03:04.137Z		COORDINATE_ROUNDED;GEODETIC_DATUM_ASSUMED_WGS84
